bluecrest capital management
irn research
george mason university
edgewood asset management, llc
apama products, progress software
division of research and statistics, board of governors of the federal reserve system, united states
lem-cnrs, lille, france
moblab inc., pasadena, ca, united states
bain capital, united kingdom
quantitative research group at bnp paribas asset management, paris, france
crest (center for research in economics and statistics)-ensae, palaiseau, france
cornerstone research, 2001 k street nw, north tower, suite 800, washington, dc, 20006, united states
sciences po, ofce - 60 rue dostoievski, bp 085, sophia antipolis cedex, 06902, france
borsa istanbul, resitpasa mahallesi, tuncay artun caddesi, emirgan, istanbul  34467, turkey
information systems area, iim kozhikode, iimk campus po, kunnamangalam, kerala, india
infotech, frankfurt am main, germany
stmicroelectronics s.r.l.-adg central r and d group, catania, 95121, italy
microsoft gray systems lab, one microsoft way, redmond, wa  98052, united states
ibm research - almaden, 650 harry road, san jose, ca  95120, united states
adg central r and d group, stmicroelectronics s.r.l., catania, 95121, italy
technische hochschule nurnberg georg simon ohm, nurnberg, d-90489, germany
gfk se, nurnberg, d-90419, germany
hec paris, 1 rue de la liberation, jouy-en-josas, 78351, france
oxford asset management, oxam house, 6 george street, oxford, ox1 2bw, united kingdom
istituto di matematica applicata e tecnologie informatiche, imati-cnr, milan, italy
cosmos4u, xanthi, 67100, greece
fachhochschule oberosterreich/campus linz, garnisonstraße 21, linz, 4020, austria
rhel platform/real-time team, red hat, inc., pisa, italy
centrum wiskunde & informatica, science park 123, amsterdam, 1098 xg, netherlands
i.leco, kleinhoefstraat 6, geel, 2440, belgium
yjfx, inc., tokyo, japan
iisc, bengaluru, 560012, india
mio, united states
ppgmmc-cefet-mg, belo horizonte-mg, brazil
dcc-ufmg/ppgmmc-cefet-mg, belo horizonte-mg, brazil
moblab data science unit, pasadena, ca, united states
quantitative research team, legend arb trading limited, hong kong
frankfurt am main, germany
capital markets, cubist systematic strategies, singapore
hec paris (law and tax department), united states
unsw, sydney, australia
labex refi, lirsa, cnam, france
izertis s.l, gijon, asturias, spain
cosmos4u, xanthi, greece
tu-dresden, germany
departamento de economia financiera y contabilidad, extremadura, cceres, spain
shenzhen platinum venture capital, china
labex refi, lirsa-cnam, 40 rue des jeuneurs, paris, 75002, france
essca research lab, 55 quai alphonse le gallo, boulogne-billancourt, 92513, france
fondazione european capital markets crc, via luigi polacchi, 11, c/o itab, chieti, 66100, italy
hec paris, jouy-en-josas, 78351, france
bmo capital markets, toronto, on, canada
panasonic, yokohama, japan
london, united kingdom
dept. of csande, kle dr. msscet, belagavi, india
ihs markit, united kingdom
aqr capital management llc, greenwich, ct, united states
insight mapping, st. louis, mo, united states
eurex frankfurt ag, mergenthalerallee 61, eschborn, 65760, germany
nomura securities co., ltd., japan
seven solutions, u. granada, spain
seven solutions, spain
ibm research, almaden, 650 harry rd, san jose, ca  95120, united states
capital markets crc ltd., 55 harrington st., the rocks, nsw, australia
lgt capital partners, pfaffikon, switzerland
ibc quantitative strategies, tarnaby, sweden
ablemarkets.com, able alpha trading, ltd., bigdatafinance.org, new york, ny, united states
cornell financial engineering manhattan (cfem), new york, ny  10004, united states
knowledge technology foundation, nowogrodzka 31, warsaw, 00-511, poland
maxeler ltd., 3and4, albion place, london, w6 0qt, united kingdom
mfg labs, paris, france
ceremade, paris, france
capital fund management, paris, france
142 garth road apt 5j, scarsdale, ny  10853, united states
ofce, sophia-antipolis, france
shenzhen kingdom limited by share ltd, guangdong, china
labex refi, lirsa-cnam, paris, france
essca research lab, boulogne-billancourt, paris, france
strategy and innovation at centric, gouda, netherlands
unal uexternado, bogota, colombia
unal, bogota, colombia
olsen ltd, eierbrechtstrasse 50, zurich, 8053, switzerland
receita federal do brasil, vitoria e.s., brazil
quantcloud brothers inc., setauket, ny  11733, united states
charlemagne capital (uk) ltd, dept of computer science, ucl, london, united kingdom
dept of computer science, ucl, london, united kingdom
chair of systems design, eth zurich, weinbergstrasse 56/58, zurich, 8092, switzerland
innovative trading systems llc, saratov, russian federation
innovative trading systems llc, moscow, russian federation
exactpro systems llc, san rafael, ca, united states
its-expert llc, moscow, russian federation
its-expert llc, kostroma, russian federation
exactpro systems llc, london, united kingdom
amazonweb services, inc., seattle, wa, united states
genetic finance ltd, hong kong, hong kong
luiss guido carli, rome, italy
kedge capital, jersey, united kingdom
discover financial services, 2402 w. beardsley road, phoenix, az  85027, united states
exqim, paris, france
crest-ensae, paris, france
bwl, insbesondere finanzwirtschaft und rechnungswesen an der fachhochschule bielefeld, germany
quest partners llc, new york, ny, united states
j.p. morgan & co., new york, ny, united states
jsc “prognoz”, risk lab, perm, russian federation
sparx asset management co., ltd, japan
osaka exchange, inc, japan
borsa istanbul, resitpasa mahallesi, tuncay artun caddesi, emirgan sariyer, istanbul, 34467, turkey
hec, 1 rue de la liberation, paris, jouy en josas, 78351, france
systems group, dept. of computer science, eth zurich, switzerland
xilinx research, dublin, ireland
xilinx research, san jose, ca, united states
algonetix llp, berkeley square house, berkeley square, london, w1j 6bd, united kingdom
d-fine gmbh, frankfurt am main, germany
vanguard group, wayne, pa, united states
singapore exchange, singapore
445 swanston st., melbourne, vic  3000, australia
green platform res. labs, nec corp., 1753 shimonumabe, nakahara-ku, kawasaki, 211-8666, japan
quantica trading, 119 king st. west suite 300, kitchener, on, n2g 1a7, canada
amazon canada, 400-410 adelaide st. west, toronto, on, m5v 1s8, canada
brattle group, united states
independent market structure professional, london, united kingdom
kemp it law, 21 napier avenue, london sw6 3 ps, united kingdom
wells fargo securities, united states
nber, united states
creates, denmark
berkeley lab, united states
netapp india pvt. ltd, egl software park, domlur, bangalore, india
receita federal do brasil, pietrangelo de biase 56/308, 29.010-190, vitoria e.s., brazil
di, ufes, av. fernando ferrari, 514, 29075-910, vitoria e.s., brazil
nkd-group inc, united states
thomson reuters, united states
lucera, united states
cornell financial engineering manhattan (cfem), hft group, cantor fitzgerald, united states
lucera, ny, united states
hp labs, 1501 page mill rd., palo alto, ca 94306, united states
ntop, pisa, italy
iit/cnr, pisa, italy
eth zurich, zurich, switzerland
ibm dublin research lab, ireland
human dynamics group, mit media lab., united states
fidelity investments, united states
aviat networks, santa clara, ca, united states
hec, paris, france
ca cheuvreux, france
alphasimplex group, llc, united states
deontologia ed etica delle tecnologie dell'informazione, di responsabilita social, dell'impresa e di etica professionale presso il poltecnico di milano, italy
x41 trading, llc, united states
hewlett-packard, united states
quantlab financial, llc, united states
real consulting and real options valuation, hong kong
kissell research group, united states
peracton ltd., dublin, ireland
financial intergroup, london, united kingdom
be informed, apeldoorn, netherlands
ubitech, athens, greece
attica wealth management, athens, greece
nomura holdings, london, united kingdom
economic and financial technology consulting, 4219 shady oak drive, ooltewah tn 37363, united states
dlb associates consulting engineers, eatontown, nj, united states
eth zurich, switzerland
genetic finance limited, hong kong, hong kong
dlb associat. consulting engineers, eatontown, nj, united states
atandt labs - research, florham park, nj 07932, united states
at and t labs.-research, florham park, nj, united states
gesellschaft fur wissenschaftliche datenverarbeitung mbh gottingen (gwdg), am faßberg 11, gottingen 37077, germany
emc-greenplum research china, beijing, 100084, china
quantitative research, credit agricole cheuvreux, 92400 courbevoie, france
algo-logic systems inc., santa clara, ca, united states
xilinx inc., dublin, ireland
xilinx inc., san jose, ca, united states
moe key lab. of data engineering and knowledge engineering (ruc), beijing 100872, china
rgm advisors, llc, austin, tx 78701, united states
at and t labs. - research, united states
receita federal do brasil, vitoria, espirito santo, brazil
kemp little llp, london, united kingdom
machine readable news program, thomson reuters, united states
polska telefonia cyfrowa ltd., al. jerozolimskie 181, 02-222 warsaw, poland
barclays capital inc., new york, ny, united states
quant isle ltd, scarsdale, ny, united states
pragma financial systems, united states
ulb in bruxelles, belgium
credit suisse in zurich, switzerland
julius bar, switzerland
boronia capital pty ltd, sydney, nsw, australia
cevital group, ilot d n 6 zhun, garidi 2, kouba, 16050 algiers, algeria
epfl, united states
afinin labs inc., st. john's, canada
green mountain analytics, cary, nc, united states
e-finance lab, campus westend, house of finance, gruneburgplatz 1, 60323 frankfurt am main, germany
bisite, plaza de la merced s/n, salamanca 37008, spain
ahl research, man investments ltd., sugar quay, london ec3r 6du, united kingdom
novi sad fair, hajduk veljkova 11, 21000 novi sad, serbia
transmarket group ltd., 68 upper thames street, london ec4 u3bj, united kingdom
thomson reuters, boston, ma, united states
capgemini consulting, netherlands
capgemini, p.o. box 2575, 3500 gn utrecht, netherlands
johann wolfgang goethe-university, robert-mayer-straße 1, 60054 frankfurt, germany
ibm systems and technology group, rochester, mn, united states
e-finance lab., johann wolfgang goethe-university, robert-mayerstraße 1, 60054 frankfurt, germany
bt, 81 newgate street, london ec1a 7aj, united kingdom
umiacs, israel
new york city, united states
faculty of information technology, uts, nsw, australia
real time agents inc., 446 n. wells st. #214, chicago, il 60610, united states
real time agents inc., 446 n. wells st. #214, chicago, il, united states
u.maryland baltimore county, 1000 hilltop circle, baltimore, md 21250, united states
t4t s.r.l. - tools for trading, via risorgimento n. 36, 35137 padua, italy
eb2b commerce, inc., united states
intershop research, intershop tower, jena, d-07740, germany
electronic market initiatives, itg inc., new york, ny, united states
oxford finance group, 25 hugo road, tufnell park, london, united kingdom
ita software, cambridge, ma 02139, united states
trusted e-services, hp laboratories bristol, united kingdom
agent technology group, hewlett packard labs., filton road, bristol bs12 6qz, united kingdom
dept. of comp. and systems sciences, stockholm univ./kth, e., kista, sweden
hewlett packard lab, bristol, united kingdom
